driver_id,signup_date,gender,city
1,2024-01-03,M,San Francisco
2,2024-09-19,M,Seattle
3,2022-10-21,M,Boston
4,2025-02-05,M,San Francisco
5,2022-06-13,M,Seattle
6,2025-04-14,M,Austin
7,2023-01-24,M,Boston
8,2022-10-14,M,San Francisco
9,2024-03-22,M,San Francisco
10,2022-11-10,M,Boston
11,2024-05-05,F,Austin
12,2024-07-03,F,Seattle
13,2022-03-20,F,Seattle
14,2022-12-15,M,Boston
15,2025-02-07,M,Austin
16,2024-06-24,M,Chicago
17,2023-02-06,M,Chicago
18,2022-10-17,F,Austin
19,2024-09-15,M,Boston
20,2022-12-23,M,Seattle
21,2023-06-08,M,Chicago
22,2022-11-08,M,Austin
23,2025-06-06,M,Austin
24,2024-03-26,M,Chicago
25,2024-11-24,M,Boston
26,2025-07-06,M,San Francisco
27,2023-07-08,M,Seattle
28,2022-11-13,M,San Francisco
29,2023-09-04,M,San Francisco
30,2022-06-22,M,Boston
31,2025-06-29,M,Chicago
32,2022-08-09,M,Boston
33,2024-05-22,M,Austin
34,2025-06-13,F,San Francisco
35,2025-03-02,M,Austin
36,2022-07-20,M,Seattle
37,2023-05-08,M,Austin
38,2025-09-23,M,Austin
39,2024-01-15,M,Seattle
40,2024-08-17,M,Austin
41,2025-08-22,M,Seattle
42,2024-06-12,M,Seattle
43,2025-01-29,M,Boston
44,2025-09-10,M,Chicago
45,2022-08-23,M,Austin
46,2025-03-26,M,San Francisco
47,2025-09-05,F,Austin
48,2022-12-17,M,Seattle
49,2023-10-10,M,Chicago
50,2023-01-28,F,Boston
51,2022-07-10,M,Boston
52,2022-09-16,M,Seattle
53,2022-11-13,M,Chicago
54,2024-07-13,M,Austin
55,2023-05-20,F,Chicago
56,2023-11-23,M,Boston
57,2025-02-02,M,Boston
58,2024-07-09,M,Seattle
59,2022-01-31,M,Chicago
60,2025-09-05,M,Seattle
61,2023-07-31,M,Chicago
62,2025-10-19,M,Seattle
63,2024-08-23,M,Austin
64,2024-10-24,M,Austin
65,2022-08-09,M,San Francisco
66,2024-02-06,M,Chicago
67,2022-09-21,F,Seattle
68,2023-03-16,F,Seattle
69,2025-09-21,M,San Francisco
70,2023-08-05,M,Boston
71,2025-04-17,M,Austin
72,2024-03-01,M,Austin
73,2025-07-04,M,Seattle
74,2025-07-20,F,San Francisco
75,2025-01-30,M,Boston
76,2024-05-18,M,Chicago
77,2023-09-17,F,San Francisco
78,2022-05-28,M,Chicago
79,2024-08-02,M,Boston
80,2023-09-08,M,San Francisco
81,2024-02-28,F,Seattle
82,2025-08-25,M,San Francisco
83,2025-01-13,M,Austin
84,2022-06-22,M,Chicago
85,2023-02-14,M,Chicago
86,2023-03-04,M,Boston
87,2022-09-16,M,Chicago
88,2024-09-07,M,Austin
89,2023-11-16,M,Boston
90,2023-10-29,F,Seattle
91,2022-10-21,F,San Francisco
92,2025-02-22,M,Boston
93,2025-02-11,M,Seattle
94,2022-11-04,M,Chicago
95,2022-02-02,M,Boston
96,2022-10-03,M,Austin
97,2022-04-16,M,Chicago
98,2023-06-24,M,Austin
99,2023-12-09,M,San Francisco
100,2022-08-17,F,Chicago
101,2022-05-23,M,Chicago
102,2024-12-18,M,Boston
103,2022-11-09,F,Seattle
104,2024-03-11,M,Seattle
105,2023-12-22,M,San Francisco
106,2024-04-20,M,Boston
107,2024-09-10,M,Chicago
108,2023-06-09,M,Chicago
109,2025-02-05,M,San Francisco
110,2024-08-04,M,Austin
111,2022-10-04,F,Boston
112,2022-10-01,M,Boston
113,2025-08-16,M,Chicago
114,2023-09-24,M,Boston
115,2022-06-18,M,Seattle
116,2022-12-20,M,Seattle
117,2025-06-03,F,San Francisco
118,2022-08-22,M,San Francisco
119,2023-12-15,M,Austin
120,2023-08-28,M,San Francisco
121,2022-11-11,M,Austin
122,2025-09-29,M,Austin
123,2023-06-10,M,Boston
124,2022-06-30,M,Boston
125,2022-11-10,M,Seattle
126,2023-07-04,M,Austin
127,2022-12-05,M,San Francisco
128,2022-06-21,M,Austin
129,2025-09-26,M,San Francisco
130,2022-11-05,M,Boston
131,2022-11-20,M,Seattle
132,2024-03-09,M,Boston
133,2025-03-31,M,Austin
134,2022-07-03,F,Seattle
135,2022-11-22,M,Boston
136,2023-02-11,M,Boston
137,2024-04-03,M,Seattle
138,2023-06-13,M,Austin
139,2024-10-24,F,Seattle
140,2025-08-28,M,San Francisco
141,2025-06-05,F,Austin
142,2023-01-19,M,San Francisco
143,2024-05-05,M,Boston
144,2022-12-21,M,Austin
145,2022-08-28,F,San Francisco
146,2023-06-18,M,Seattle
147,2022-02-07,M,Chicago
148,2024-03-07,M,San Francisco
149,2024-01-19,M,Boston
150,2024-12-29,M,Austin
151,2025-11-03,M,Boston
152,2022-07-30,M,Austin
153,2023-06-11,M,Boston
154,2022-09-10,M,Chicago
155,2025-08-15,M,Boston
156,2024-10-07,M,Austin
157,2023-02-24,M,Austin
158,2025-07-21,M,San Francisco
159,2024-09-02,F,Boston
160,2024-11-07,F,San Francisco
161,2024-07-20,M,Austin
162,2022-10-02,M,Boston
163,2022-07-17,M,Seattle
164,2025-08-16,F,San Francisco
165,2023-08-28,M,Boston
166,2025-02-25,F,Seattle
167,2025-02-15,F,Seattle
168,2022-07-12,M,Seattle
169,2023-09-05,M,Chicago
170,2024-08-23,M,Austin
171,2023-03-28,M,Chicago
172,2025-10-29,M,Seattle
173,2022-06-22,M,Chicago
174,2022-10-13,M,Boston
175,2023-10-04,F,Boston
176,2024-05-31,M,Seattle
177,2024-02-21,M,Chicago
178,2024-10-06,M,Seattle
179,2024-06-07,M,Boston
180,2022-12-29,M,Seattle
181,2025-10-30,M,Boston
182,2024-04-21,M,Austin
183,2023-01-12,M,Austin
184,2022-08-06,M,Seattle
185,2025-03-04,M,Boston
186,2024-06-07,M,San Francisco
187,2022-01-23,M,San Francisco
188,2024-07-29,M,Chicago
189,2023-07-10,F,Chicago
190,2024-03-04,M,Austin
191,2023-07-28,M,San Francisco
192,2022-12-01,M,Austin
193,2024-12-01,M,Chicago
194,2025-05-08,M,Austin
195,2025-07-27,F,Chicago
196,2024-02-15,M,Seattle
197,2025-09-06,M,Austin
198,2022-06-29,M,San Francisco
199,2023-01-24,M,Boston
200,2023-07-08,M,Boston
201,2022-04-17,M,Boston
202,2025-01-13,M,San Francisco
203,2023-07-16,F,Austin
204,2023-02-10,F,Seattle
205,2025-09-08,M,Chicago
206,2023-03-20,M,San Francisco
207,2023-09-28,M,San Francisco
208,2022-11-18,M,Austin
209,2023-02-01,M,Seattle
210,2024-06-21,F,Chicago
211,2022-09-26,M,Chicago
212,2024-02-08,M,Austin
213,2025-10-01,M,Chicago
214,2025-04-01,M,Boston
215,2023-04-30,M,Boston
216,2023-05-18,M,Austin
217,2024-12-21,M,Boston
218,2024-06-23,M,San Francisco
219,2022-12-07,F,Chicago
220,2023-01-25,M,San Francisco
221,2023-10-20,F,Boston
222,2022-08-23,M,Boston
223,2024-07-20,M,Seattle
224,2022-01-09,M,Seattle
225,2023-07-17,M,Austin
226,2024-12-14,M,San Francisco
227,2023-07-28,M,Seattle
228,2024-11-29,M,San Francisco
229,2025-06-26,M,Austin
230,2024-10-22,M,Austin
231,2023-10-02,M,Boston
232,2024-09-23,M,Boston
233,2022-09-03,F,Seattle
234,2024-08-07,M,Seattle
235,2022-05-29,M,Austin
236,2022-06-29,M,Austin
237,2024-04-05,M,Seattle
238,2025-06-01,M,Seattle
239,2022-01-19,M,Boston
240,2024-10-12,M,Boston
241,2023-11-15,M,Boston
242,2025-01-02,M,Austin
243,2022-01-23,M,Chicago
244,2024-06-28,F,Chicago
245,2023-04-14,F,Austin
246,2023-08-15,F,Austin
247,2022-09-07,F,Austin
248,2022-03-05,M,San Francisco
249,2022-10-21,M,Austin
250,2024-01-21,F,Seattle
251,2025-07-12,F,Austin
252,2025-07-12,M,Austin
253,2023-03-27,M,Chicago
254,2025-10-25,M,Seattle
255,2025-10-29,M,San Francisco
256,2023-07-09,M,Boston
257,2022-01-30,M,Boston
258,2024-12-26,M,Chicago
259,2022-06-14,M,Chicago
260,2023-08-23,M,San Francisco
261,2023-05-19,F,Seattle
262,2024-12-19,M,Chicago
263,2024-03-04,M,Seattle
264,2023-11-04,M,San Francisco
265,2024-10-26,M,San Francisco
266,2024-05-22,M,Chicago
267,2024-12-24,M,Austin
268,2025-08-27,M,Austin
269,2022-04-13,M,Austin
270,2025-09-04,M,Chicago
271,2022-07-19,M,Austin
272,2022-01-27,M,Austin
273,2024-05-20,M,Seattle
274,2023-12-25,M,San Francisco
275,2025-08-25,M,Chicago
276,2024-12-17,F,Chicago
277,2023-10-14,M,Chicago
278,2022-02-10,M,Boston
279,2024-08-08,F,Seattle
280,2024-05-24,M,Seattle
281,2024-10-29,M,Austin
282,2022-10-08,M,Seattle
283,2025-11-05,M,Chicago
284,2022-03-23,F,Seattle
285,2025-07-21,M,San Francisco
286,2025-07-11,M,Austin
287,2024-03-14,M,Seattle
288,2025-05-31,F,Chicago
289,2025-02-18,F,Seattle
290,2022-03-29,F,Boston
291,2024-01-21,F,Austin
292,2023-10-10,M,San Francisco
293,2024-06-15,M,San Francisco
294,2024-10-01,F,Chicago
295,2024-04-27,M,Austin
296,2024-07-14,M,Austin
297,2024-11-09,M,Seattle
298,2024-06-21,F,Austin
299,2024-04-08,M,Chicago
300,2023-01-04,M,Austin
301,2025-02-19,M,Chicago
302,2024-04-24,M,Chicago
303,2024-02-08,F,Seattle
304,2022-01-10,M,Boston
305,2023-07-20,M,Seattle
306,2022-01-14,M,Boston
307,2022-08-16,M,San Francisco
308,2022-03-30,M,San Francisco
309,2023-06-27,F,Austin
310,2025-04-15,M,Austin
311,2023-09-13,M,Boston
312,2022-09-04,M,Boston
313,2022-08-06,M,Boston
314,2025-04-23,F,Austin
315,2022-07-09,M,Boston
316,2025-08-03,F,San Francisco
317,2024-05-27,M,Austin
318,2024-02-03,M,Boston
319,2022-12-04,F,Austin
320,2024-02-03,M,San Francisco
321,2024-02-18,M,Austin
322,2022-02-03,M,San Francisco
323,2022-09-08,M,Seattle
324,2024-01-01,F,Boston
325,2024-06-27,M,San Francisco
326,2023-10-22,M,Austin
327,2024-12-16,M,Seattle
328,2024-04-13,M,Austin
329,2023-08-20,M,Seattle
330,2025-04-15,M,Chicago
331,2024-07-25,M,Chicago
332,2023-03-08,M,Seattle
333,2023-08-01,M,San Francisco
334,2023-07-12,M,Boston
335,2025-02-06,M,Chicago
336,2025-01-04,M,Seattle
337,2025-09-29,F,San Francisco
338,2024-05-29,M,Seattle
339,2023-09-11,M,Seattle
340,2023-07-13,M,Chicago
341,2023-09-08,M,Seattle
342,2022-10-12,M,Austin
343,2025-05-22,M,Chicago
344,2022-03-20,M,Boston
345,2022-05-02,F,San Francisco
346,2025-10-27,M,San Francisco
347,2022-12-24,M,Seattle
348,2024-04-21,M,Chicago
349,2024-09-26,F,Seattle
350,2022-09-21,M,Austin
351,2025-09-17,M,Boston
352,2025-03-17,M,Seattle
353,2023-07-20,M,Chicago
354,2023-06-02,M,Boston
355,2024-01-14,M,Austin
356,2022-09-07,M,Seattle
357,2023-04-11,M,Seattle
358,2023-05-08,M,Seattle
359,2024-07-23,M,San Francisco
360,2024-05-21,M,San Francisco
361,2023-12-29,F,Boston
362,2023-05-13,F,Chicago
363,2023-06-21,M,San Francisco
364,2025-01-28,F,Chicago
365,2024-01-12,M,Boston
366,2023-11-26,F,Austin
367,2024-07-04,M,Austin
368,2024-04-01,M,Seattle
369,2025-07-16,M,Seattle
370,2025-09-05,M,Boston
371,2023-10-15,M,San Francisco
372,2023-08-11,M,Austin
373,2024-09-17,M,Boston
374,2023-11-26,M,Boston
375,2024-10-28,M,San Francisco
376,2025-08-22,M,Chicago
377,2023-01-21,F,Chicago
378,2025-11-03,M,Austin
379,2025-05-18,M,San Francisco
380,2022-11-07,M,San Francisco
381,2024-06-05,M,Chicago
382,2023-03-21,M,Boston
383,2025-05-30,M,San Francisco
384,2025-10-24,M,Chicago
385,2024-03-17,M,Austin
386,2022-01-30,M,Seattle
387,2022-09-16,M,San Francisco
388,2023-07-04,M,Boston
389,2022-08-12,F,Chicago
390,2023-04-07,F,Austin
391,2024-12-04,M,San Francisco
392,2025-01-13,M,Boston
393,2023-10-01,M,Chicago
394,2023-04-02,M,Chicago
395,2022-11-26,M,Seattle
396,2023-05-17,F,Chicago
397,2023-06-26,M,San Francisco
398,2024-10-23,M,Boston
399,2025-02-23,M,Austin
400,2022-08-25,F,San Francisco
401,2023-10-30,F,Seattle
402,2024-11-07,M,Chicago
403,2022-07-02,M,Boston
404,2022-03-06,F,Chicago
405,2024-04-20,F,Austin
406,2024-11-30,M,Austin
407,2024-08-02,F,Seattle
408,2022-07-16,M,Boston
409,2023-11-19,M,Chicago
410,2022-02-05,M,Seattle
411,2022-08-14,M,San Francisco
412,2025-10-19,M,Boston
413,2024-03-01,F,Seattle
414,2023-06-03,M,Austin
415,2025-02-11,M,Boston
416,2025-04-27,M,Seattle
417,2024-05-15,M,Seattle
418,2025-03-22,M,Seattle
419,2022-11-22,M,Seattle
420,2025-11-03,M,Austin
421,2023-01-03,M,San Francisco
422,2025-02-09,F,Seattle
423,2024-07-02,F,Seattle
424,2024-11-07,F,Austin
425,2023-01-03,M,San Francisco
426,2023-05-04,M,Seattle
427,2023-08-24,M,San Francisco
428,2023-11-15,M,Austin
429,2023-06-21,F,San Francisco
430,2025-10-06,M,Chicago
431,2022-04-10,F,Seattle
432,2023-04-21,F,San Francisco
433,2024-01-20,F,Boston
434,2025-11-25,M,Seattle
435,2024-11-22,F,Seattle
436,2023-10-01,F,Chicago
437,2025-03-21,M,Seattle
438,2022-07-12,M,Seattle
439,2022-12-09,M,Chicago
440,2025-07-05,M,Austin
441,2023-12-04,M,San Francisco
442,2025-06-05,M,San Francisco
443,2022-05-27,M,Chicago
444,2023-02-28,M,Austin
445,2024-08-27,M,Austin
446,2022-08-04,F,San Francisco
447,2025-11-06,M,Boston
448,2023-08-19,M,San Francisco
449,2022-09-24,M,Austin
450,2022-05-26,M,San Francisco
451,2023-09-07,F,Chicago
452,2024-08-03,M,Austin
453,2023-01-04,M,Chicago
454,2023-08-12,M,Boston
455,2022-07-12,M,Seattle
456,2025-01-14,M,Seattle
457,2023-03-05,M,Seattle
458,2025-01-17,M,Seattle
459,2023-09-10,M,Chicago
460,2023-06-30,M,Boston
461,2023-02-10,M,Boston
462,2022-10-15,F,San Francisco
463,2022-07-24,F,San Francisco
464,2023-08-08,M,Chicago
465,2022-01-06,M,Boston
466,2024-11-21,M,San Francisco
467,2024-11-09,F,San Francisco
468,2024-04-19,F,San Francisco
469,2023-03-18,F,Boston
470,2022-06-16,M,Austin
471,2024-11-21,M,San Francisco
472,2024-07-07,M,Boston
473,2024-05-23,M,Chicago
474,2024-06-30,F,San Francisco
475,2022-01-29,M,Boston
476,2023-05-09,M,Boston
477,2025-06-05,M,San Francisco
478,2023-05-09,F,Austin
479,2023-05-12,F,Seattle
480,2022-03-16,M,Boston
481,2023-07-23,F,Boston
482,2024-12-01,M,Austin
483,2025-06-01,M,Austin
484,2025-11-12,M,San Francisco
485,2025-06-02,M,San Francisco
486,2024-12-15,M,Seattle
487,2024-07-02,F,Boston
488,2024-06-08,M,Seattle
489,2025-07-25,F,San Francisco
490,2022-09-01,F,Chicago
491,2024-05-12,M,San Francisco
492,2022-02-22,M,Austin
493,2025-04-19,F,San Francisco
494,2023-10-12,M,Boston
495,2022-03-05,M,Boston
496,2022-01-12,F,Chicago
497,2025-03-14,M,Boston
498,2022-12-18,M,Boston
499,2025-04-12,M,Austin
500,2022-02-08,M,Austin
501,2022-10-28,M,Seattle
502,2024-07-31,M,Boston
503,2024-06-01,M,Boston
504,2022-05-16,M,San Francisco
505,2024-03-11,M,Seattle
506,2025-04-25,M,Seattle
507,2023-04-05,F,Boston
508,2024-08-23,F,Seattle
509,2024-09-17,F,Austin
510,2022-09-11,M,Chicago
511,2024-10-29,M,Seattle
512,2022-06-27,F,Austin
513,2022-07-16,M,Boston
514,2024-11-06,M,Austin
515,2024-03-23,M,Seattle
516,2023-07-16,M,Chicago
517,2024-07-07,M,Austin
518,2025-09-05,M,San Francisco
519,2022-08-19,M,San Francisco
520,2022-03-19,M,Seattle
521,2023-02-20,M,Boston
522,2025-06-12,M,Boston
523,2024-06-18,M,Austin
524,2023-12-17,M,Boston
525,2025-11-30,M,San Francisco
526,2023-09-20,M,San Francisco
527,2025-03-22,M,Boston
528,2022-05-12,F,Austin
529,2022-02-23,M,Boston
530,2022-03-20,M,San Francisco
531,2024-11-01,M,San Francisco
532,2022-08-29,M,Seattle
533,2025-01-28,M,Chicago
534,2024-08-01,F,Chicago
535,2023-02-16,M,San Francisco
536,2024-04-16,M,Austin
537,2022-02-19,M,San Francisco
538,2024-08-19,M,Chicago
539,2022-01-19,F,San Francisco
540,2024-11-03,M,Boston
541,2024-03-26,M,Seattle
542,2023-08-21,M,Chicago
543,2025-08-19,F,San Francisco
544,2022-07-30,M,San Francisco
545,2022-09-04,M,Austin
546,2023-04-05,M,Chicago
547,2022-10-20,M,San Francisco
548,2022-07-11,M,Seattle
549,2022-04-19,M,Chicago
550,2023-10-16,F,Boston
551,2022-07-24,M,Austin
552,2024-09-21,M,Seattle
553,2024-05-08,M,Austin
554,2025-08-27,M,Chicago
555,2024-10-30,M,Austin
556,2025-04-16,M,San Francisco
557,2022-01-18,M,Chicago
558,2022-05-17,M,San Francisco
559,2022-07-24,F,Boston
560,2022-10-01,M,Austin
561,2023-09-08,F,Boston
562,2025-01-21,M,Boston
563,2024-09-24,M,San Francisco
564,2022-03-03,M,Boston
565,2023-07-15,F,Chicago
566,2025-02-17,M,Chicago
567,2022-12-24,M,Austin
568,2023-03-27,M,San Francisco
569,2023-02-02,M,Austin
570,2023-02-25,M,Chicago
571,2023-02-19,M,San Francisco
572,2024-04-02,F,San Francisco
573,2022-08-26,M,San Francisco
574,2022-11-10,M,San Francisco
575,2024-10-02,M,Austin
576,2024-04-02,M,Austin
577,2024-07-15,M,Austin
578,2025-11-12,M,San Francisco
579,2023-04-11,M,Boston
580,2025-11-09,M,Chicago
581,2024-04-28,M,Boston
582,2024-05-13,M,Austin
583,2025-01-19,M,Austin
584,2025-08-01,M,Boston
585,2025-08-07,F,Seattle
586,2023-02-07,M,Chicago
587,2024-11-19,M,San Francisco
588,2025-10-04,M,Austin
589,2025-11-28,F,Austin
590,2023-12-21,M,San Francisco
591,2023-04-23,M,San Francisco
592,2024-04-29,M,Austin
593,2024-01-12,F,Chicago
594,2024-06-03,M,Chicago
595,2024-07-07,M,Boston
596,2024-03-30,M,San Francisco
597,2025-03-16,M,Austin
598,2025-04-18,M,Seattle
599,2024-10-28,M,Austin
600,2023-10-15,M,Boston
601,2025-01-06,M,San Francisco
602,2025-07-26,M,Chicago
603,2022-11-10,M,Seattle
604,2024-09-01,M,San Francisco
605,2023-10-02,M,Seattle
606,2025-07-18,F,Seattle
607,2024-05-08,F,San Francisco
608,2025-02-21,M,Boston
609,2024-07-21,F,San Francisco
610,2024-01-10,M,Chicago
611,2023-05-05,F,Chicago
612,2024-10-08,F,San Francisco
613,2024-09-29,M,Boston
614,2023-02-24,M,Chicago
615,2023-02-09,F,Boston
616,2023-12-23,M,San Francisco
617,2023-10-19,M,San Francisco
618,2024-11-15,M,Austin
619,2022-10-13,M,Chicago
620,2024-01-01,F,Austin
621,2022-01-08,M,San Francisco
622,2022-07-30,M,Austin
623,2022-11-17,M,Chicago
624,2025-10-19,M,Seattle
625,2023-11-25,M,Chicago
626,2024-07-29,M,Boston
627,2023-11-15,F,Seattle
628,2022-12-17,F,Chicago
629,2022-09-04,M,Seattle
630,2024-06-20,F,Seattle
631,2024-06-28,M,San Francisco
632,2025-04-15,M,Austin
633,2024-05-03,F,Austin
634,2025-11-19,M,Chicago
635,2023-07-30,M,Boston
636,2022-01-05,M,Austin
637,2022-07-28,M,San Francisco
638,2024-02-14,F,Boston
639,2025-10-29,M,Boston
640,2024-08-20,F,Seattle
641,2022-10-23,M,Austin
642,2023-05-25,M,Boston
643,2024-06-04,M,Boston
644,2024-10-16,M,Seattle
645,2023-11-29,M,Boston
646,2025-02-09,M,Boston
647,2024-02-29,M,Austin
648,2023-06-11,M,Austin
649,2025-06-09,F,San Francisco
650,2025-11-22,M,Boston
651,2022-09-12,M,Austin
652,2022-06-07,M,Seattle
653,2025-05-22,M,Seattle
654,2023-08-07,M,Seattle
655,2023-01-28,M,Seattle
656,2022-11-15,F,Chicago
657,2022-11-24,F,Boston
658,2022-08-25,F,San Francisco
659,2025-06-09,F,Seattle
660,2024-10-06,M,Chicago
661,2024-12-15,M,San Francisco
662,2023-10-26,M,Seattle
663,2025-04-25,M,Austin
664,2023-10-16,F,Chicago
665,2025-05-03,M,Austin
666,2025-04-01,M,Chicago
667,2023-11-10,M,Chicago
668,2022-04-06,M,Boston
669,2024-03-21,F,Austin
670,2025-09-30,F,Boston
671,2025-09-02,M,Seattle
672,2022-03-25,M,Boston
673,2023-12-31,F,Austin
674,2023-10-03,M,San Francisco
675,2022-06-04,F,Chicago
676,2024-12-13,F,Boston
677,2023-12-23,M,Austin
678,2023-12-27,M,San Francisco
679,2024-03-18,F,San Francisco
680,2023-12-28,M,Chicago
681,2025-08-02,F,Boston
682,2024-10-13,M,Austin
683,2025-10-23,M,Chicago
684,2024-08-02,M,San Francisco
685,2025-08-20,M,Seattle
686,2025-02-06,M,San Francisco
687,2023-03-20,M,Chicago
688,2025-10-16,F,Seattle
689,2025-06-21,M,Seattle
690,2024-07-25,M,Seattle
691,2023-11-09,M,Chicago
692,2024-09-16,M,Austin
693,2023-10-04,M,Austin
694,2025-05-21,M,San Francisco
695,2023-07-10,M,Chicago
696,2025-06-27,M,Boston
697,2025-02-08,F,San Francisco
698,2022-11-19,M,Austin
699,2023-04-04,M,San Francisco
700,2022-10-19,M,Boston
701,2025-08-03,M,San Francisco
702,2024-01-25,M,Boston
703,2022-02-08,F,Boston
704,2023-05-13,M,Chicago
705,2024-05-09,M,San Francisco
706,2023-01-29,M,San Francisco
707,2023-07-26,M,Austin
708,2025-07-29,F,San Francisco
709,2023-09-13,M,San Francisco
710,2022-09-10,M,Boston
711,2024-02-01,M,Austin
712,2022-07-07,M,Boston
713,2025-04-07,F,Austin
714,2023-11-20,F,Austin
715,2024-09-03,M,Austin
716,2022-07-12,M,Chicago
717,2022-09-08,M,Austin
718,2025-02-20,M,San Francisco
719,2022-07-19,M,Chicago
720,2025-10-11,M,San Francisco
721,2025-08-08,F,San Francisco
722,2023-12-12,M,Seattle
723,2025-01-14,F,San Francisco
724,2023-08-23,M,San Francisco
725,2025-11-16,F,Austin
726,2022-02-19,M,Boston
727,2023-05-06,M,Boston
728,2025-09-15,F,Boston
729,2022-11-09,M,Austin
730,2024-10-11,M,Chicago
731,2024-08-17,F,Chicago
732,2024-10-19,M,Austin
733,2024-02-11,M,Seattle
734,2022-07-06,M,San Francisco
735,2022-11-29,M,Chicago
736,2025-02-12,M,Boston
737,2022-05-31,F,Boston
738,2023-11-25,M,Seattle
739,2022-04-19,F,Austin
740,2024-03-22,M,Boston
741,2025-07-13,F,Seattle
742,2023-08-25,M,Chicago
743,2024-01-13,F,San Francisco
744,2022-04-10,M,Chicago
745,2024-09-14,M,Seattle
746,2024-12-16,M,Chicago
747,2024-01-10,F,Boston
748,2022-01-21,M,Austin
749,2022-03-28,M,Boston
750,2023-04-06,M,Seattle
751,2024-07-15,M,Chicago
752,2025-03-30,M,Austin
753,2023-12-06,M,San Francisco
754,2024-04-14,M,Austin
755,2023-03-22,M,San Francisco
756,2024-10-09,F,Boston
757,2022-10-25,F,Chicago
758,2022-11-07,M,San Francisco
759,2024-11-04,F,Austin
760,2025-05-31,M,Austin
761,2025-10-01,M,Austin
762,2023-12-19,M,Austin
763,2024-05-22,M,Seattle
764,2023-03-12,M,Seattle
765,2024-08-22,M,Austin
766,2022-03-29,M,Chicago
767,2023-01-01,F,Chicago
768,2023-06-03,F,San Francisco
769,2022-12-16,M,Seattle
770,2024-11-25,M,Chicago
771,2025-07-15,M,San Francisco
772,2023-04-28,M,San Francisco
773,2025-09-12,M,Chicago
774,2023-11-09,M,San Francisco
775,2023-01-30,M,San Francisco
776,2022-08-12,M,Chicago
777,2023-09-13,F,Boston
778,2025-11-15,M,Austin
779,2024-09-22,M,Boston
780,2023-03-16,M,Austin
781,2022-07-27,M,Chicago
782,2023-04-11,F,Chicago
783,2025-09-24,M,San Francisco
784,2022-10-17,M,Chicago
785,2024-12-17,M,Chicago
786,2024-09-20,M,San Francisco
787,2022-12-13,M,Boston
788,2023-01-14,M,Boston
789,2023-04-02,M,San Francisco
790,2023-12-11,F,San Francisco
791,2024-06-13,M,Seattle
792,2023-08-15,M,Seattle
793,2024-01-06,M,San Francisco
794,2024-07-26,M,Chicago
795,2024-02-03,M,San Francisco
796,2023-11-29,M,San Francisco
797,2025-08-03,M,Boston
798,2023-02-27,F,Boston
799,2024-08-26,M,Chicago
800,2022-05-17,M,Austin
